gene_id,ortholog_id
Solyc08g068170.1,PGSC0003DMG400014511
Solyc02g072030.1,PGSC0003DMG400028460
Solyc10g076180.1,
Solyc02g085500.2,PGSC0003DMG400012688
Solyc01g007800.2,PGSC0003DMG400016415
Solyc04g080210.1,PGSC0003DMG400044629
Solyc09g018200.1,PGSC0003DMG400004418
Solyc10g082050.1,PGSC0003DMG400028155
Solyc03g034100.2,PGSC0003DMG400017788
Solyc11g068780.1,PGSC0003DMG400019628
Solyc06g082460.1,PGSC0003DMG400030384
